{
  "reference": {
    "accuracy": 0.9910141206675225,
    "precision": 0.9705882352941176,
    "recall": 0.9735709895513215,
    "f1": 0.9720773243326174,
    "confusion_matrix": [
      [
        8452,
        48
      ],
      [
        43,
        1584
      ]
    ],
    "roc_auc": 0.9988470298998517
  },
  "current": {
    "accuracy": 0.57,
    "precision": 0.5298013245033113,
    "recall": 0.6335493160547156,
    "f1": 0.5770491803278689,
    "confusion_matrix": [
      [
        830,
        781
      ],
      [
        509,
        880
      ]
    ],
    "roc_auc": 0.6267784610750693
  },
  "delta": {
    "accuracy": -0.42101412066752253,
    "precision": -0.44078691079080634,
    "recall": -0.34002167349660584,
    "f1": -0.3950281440047485,
    "roc_auc": -0.37206856882478245
  },
  "alerts": [
    "ALERT: accuracy < 0.75",
    "ALERT: f1 < 0.60",
    "ALERT: accuracy dropped by more than 0.05"
  ]
}